0288;A (PHILOSOPHIE ET LETTRES)
0721;ABATTAGE VIANDES
0920;ACCOMPAGNEMENT SOINS SERVICES AUX PERSONNES
0415;ACCUEIL
0415;ACCUEIL ASSISTANCE CONSEIL
0415;ACCUEIL RELATION CLIENT USAGER
1041;ACCUEIL TRANSPORTS
0416;ACHETEUR INTERNATIONAL
0416;ACHETEUR NEGOCIATEUR
0416;ACHETEUR PRODUITS LAITIERS
0416;ACHETEUR VIANDES
0533;ACOUSTIQUE
0413;ACTION ADMINISTRATIVE
0416;ACTION COMMERCIALE
0923;ACTION SANITAIRE SOCIALE
0412;ACTUARIAT
0917;ACUPUNCTURE
0413;ADMINISTRATION DES COLLECTIVITES TERRITORIALES
0413;ADMINISTRATION DES ENTREPRISES
0410;ADMINISTRATION ECONOMIQUE ET SOCIALE
0413;ADMINISTRATION GENERALE
0413;ADMINISTRATION PUBLIQUE
0716;AERONAUTIQUE
0410;AES
0212;AGENCEMENT BATIMENT
0212;AGENCEMENT EN ARCHITECTURE INTERIEURE
0212;AGENCEMENT LOCAUX
0413;AGENT ADMINISTRATIF
0416;AGENT COMMERCIAL
1032;AGENT CYNOPHILE SECURITE
0714;AGENT DE MAINTENANCE BUREAUTIQUE
0714;AGENT DE MAINTENANCE EN ELECTRONIQUE
1041;AGENT DE TRANSPORT
0416;AGENT IMMOBILIER
1013;AGENT POLYVALENT RESTAURATION
1032;AGENT PREVENTION SECURITE
1011;AGENT PROPRETE HYGIENE
1032;AGENT SECURITE
1032;AGENT TECHNIQUE SECURITE
0811;AGRICULTURE BIOLOGIQUE
0811;AGRICULTURE ELEVAGE
0811;AGRICULTURE POLYCULTURE
0721;AGROALIMENTAIRE
0721;AGROALIMENTAIRE DISTRIBUTION
0716;AGROEQUIPEMENTS
0811;AGRONOMIE
1011;AIDE A DOMICILE
0411;AIDE COMPTABLE
0922;AIDE MATERNELLE
0913;AIDE MEDICO PSYCHOLOGIQUE
0922;AIDE PUERICULTRICE
0913;AIDE SOIGNANT
0715;AJUSTEUR
0541;ALGEBRE
0915;ALIMENTATION
0231;ALLEMAND
0914;AMBULANCIER
0731;AMENAGEMENT DU TERRITOIRE
0732;AMENAGEMENT FINITION BATIMENT
0812;AMENAGEMENT PAYSAGER
0722;AMEUBLEMENT
0914;ANALYSE BIOLOGIQUE
0810;ANALYSE CONDUITE ENTREPRISE AGRICOLE
0810;ANALYSE CONDUITE SYSTEME EXPLOITATION
0530;ANALYSE PHYSICO CHIMIQUE
0613;ANALYSTE PROGRAMMEUR
0912;ANESTHESIE
0231;ANGLAIS
1012;ANIMATEUR CONSEILLER EN BEAUTE
0710;ANIMATEUR QUALITE
0922;ANIMATION CULTURELLE
0922;ANIMATION LOISIRS ENFANTS
0923;ANIMATION SOCIALE
0922;ANIMATION SOCIO-CULTURELLE
1014;ANIMATION SPORTIVE
0211;ANIMATION:DESSIN ANIME
0314;ANTHROPOLOGIE
0811;APICULTURE
0914;APPAREILLAGE MEDICAL
0613;APPLICATION WEB
0831;AQUACULTURE
0231;ARABE
0811;ARBORICULTURE FRUITIERE
0821;ARBORICULTURE NON FRUITIERE
0222;ARCHEOLOGIE
0731;ARCHITECTE
0731;ARCHITECTE COLLABORATEUR
0212;ARCHITECTE INTERIEUR
0731;ARCHITECTE PAYSAGISTE
0612;ARCHITECTURE RESEAUX
0322;ARCHIVISTE PALEOGRAPHE
0415;ARCU
1031;ARMEE
1013;ART CULINAIRE
0214;ART DE LA BIJOUTERIE
0214;ART DE LA CERAMIQUE
0214;ART DE LA FERRONNERIE
0212;ART DE LA MODE
0211;ART DE LA RELIURE
0212;ART DE L'HABITAT
0214;ART DE L'HORLOGERIE
0215;ART DRAMATIQUE
0214;ART DU BOIS
0212;ART DU TEXTILE
0214;ART DU VERRE
0211;ART GRAPHIQUE
1011;ART MENAGER
0210;ARTS
0211;ARTS APPLIQUES COMMUNICATION
0212;ARTS APPLIQUES DESIGN
0213;ARTS DECO
0215;ARTS DU SPECTACLE
0788;ARTS ET METIERS
1014;ARTS MARTIAUX
0213;ARTS PLASTIQUES
1021;ASSAINISSEMENT
0413;ASSISTANT ADMINISTRATIF
0922;ASSISTANT ANIMATEUR TECHNICIEN JEUNESSE SPORTS
0731;ASSISTANT ARCHITECTE
0411;ASSISTANT COMPTABLE
0413;ASSISTANT DE GESTION
0413;ASSISTANT DE GESTION PME PMI
0920;ASSISTANT DE VIE AUX FAMILLES (ADVF)
0923;ASSISTANT FAMILIAL
0710;ASSISTANT INGENIEUR
0413;ASSISTANT MANAGER
0211;ASSISTANT REALISATEUR
1011;ASSISTANT TECHNIQUE MILIEU FAMILIAL COLLECTIF
0413;ASSISTANTE DE DIRECTION
0911;ASSISTANTE DENTAIRE
0922;ASSISTANTE MATERNELLE
0923;ASSISTANTE SOCIALE
0920;ASSP 
0412;ASSURANCES
0533;ASTRONOMIE
0533;ASTROPHYSIQUE
0321;ATTACHE DE PRESSE
0914;AUDIOPROTHESISTE
0211;AUDIOVISUEL
0714;AUDIOVISUEL EQUIPEMENTS
0411;AUDIT
0114;AUTO-ECOLE
0714;AUTOMATIQUE
0714;AUTOMATISMES INDUSTRIELS
0716;AUTOMOBILE
0716;AUTOMOBILE CAROSSERIE
0716;AUTOMOBILE MAINTENANCE
0416;AUTOMOBILE VENTE
0922;AUXILIAIRE DE PUERICULTURE
0921;AUXILIAIRE DE VIE
1041;AVIATION
0811;AVICULTURE
0421;AVOCAT
0310;B ( ECONOMIQUE ET SOCIAL)
0412;BANQUE
0922;BAPAAT
1041;BATELLERIE
0732;BATIMENT (SAI)
0732;BATIMENT CONSTRUCTION
0732;BATIMENT COUVERTURE
0730;BATIMENT ETUDES
0732;BATIMENT FINITIONS
0732;BATIMENT GENIE CIVIL
0732;BATIMENT TRAVAUX PUBLICS
0213;BEAUX-ARTS
0732;BETON ARME
0322;BIBLIOTHECAIRE
0214;BIJOUTERIE
0721;BIO INDUSTRIE TRANSFORMATION
0512;BIOCHIMIE
0711;BIOCHIMIE PROCEDES INDUSTRIELS
0721;BIOINDUSTRIES DE TRANSFORMATION
0613;BIOINFORMATIQUE
0511;BIOLOGIE
0914;BIOLOGIE ANALYSE MEDICALE
0511;BIOLOGIE CELLULAIRE
0511;BIOLOGIE GEOLOGIE
0511;BIOLOGIE SANTE
1020;BIOSERVICES
0914;BIOTECHNOLOGIE MEDICALE
0512;BIOTECHNOLOGIES
1011;BLANCHISSERIE
0722;BOIS
0723;BONNETERIE
0721;BOUCHER
0721;BOULANGER
0211;BROCHEUR
0214;BRODERIE
0821;BUCHERON
0710;BUREAU ETUDES
0415;BUREAUTIQUE
0588;C (MATHEMATIQUES PHYSIQUE)
0413;CAAE
0713;CABLEUR
0910;CADRE SANTE
0416;CAISSIERE
0211;CAMERAMAN
0421;CAPACITE EN DROIT
0912;CARDIOLOGIE
1041;CARISTE
0732;CARRELEUR MOSAISTE
0724;CARRIERES EXTRACTION
0421;CARRIERES JURIDIQUES
0923;CARRIERES SOCIALES
0716;CARROSSERIE
0722;CARTONNIER
0214;CERAMIQUE
0214;CERAMIQUE D'ART
0811;CEREALES
0810;CGEA
0410;CGO
0215;CHANT
0723;CHAPELLERIE
0721;CHARCUTIER
0721;CHARCUTIER TRAITEUR
0732;CHARPENTE BOIS
0732;CHARPENTE METALLIQUE
0715;CHAUDRONNERIE
0713;CHAUFFAGISTE
1041;CHAUFFEUR
0723;CHAUSSURE
0531;CHIMIE
0531;CHIMIE DES MATERIAUX
0711;CHIMIE INDUSTRIELLE
0510;CHIMIE-BIOLOGIE
0912;CHIRURGIE
0911;CHIRURGIE DENTAIRE
0721;CHOCOLATIER CONFISEUR
0211;CINEMA
0211;CINEMA LABORATOIRE
0211;CINEMA METIERS TECHNIQUES
0231;CIVILISATIONS ETRANGERES
0421;CLERC DE NOTAIRE
0713;CLIMATISATION
1012;COIFFURE
0731;COLLABORATEUR ARCHITECTE
1012;COLORISTE
0215;COMEDIEN
0416;COMMERCE
0416;COMMERCE AUTO
0410;COMMERCE GESTION
0416;COMMERCE INTERNATIONAL
0416;COMMERCE PRODUITS AGRICOLES ANIMAUX
0416;COMMERCE PRODUITS AGRICOLES VEGETAUX
0416;COMMERCIAL
1013;COMMERCIALISATION SERVICE RESTAURATION
0321;COMMUNICATION (SAI)
0414;COMMUNICATION DES ENTREPRISES
0414;COMMUNICATION PUBLICITE
0211;COMMUNICATION VISUELLE
0211;COMPOSITION IMPRIMERIE
0411;COMPTABILITE
0411;COMPTABILITE CONTROLE AUDIT
0410;COMPTABILITE ET GESTION
0211;CONCEPTEUR EN PUBLICITE
0710;CONCEPTION INDUSTRIELLE
0613;CONCEPTION LOGICIEL
0710;CONCEPTION PRODUIT INDUSTRIEL
0831;CONCHYLICULTURE
0710;CONDUCTEUR APPAREIL INDUSTRIE
0713;CONDUCTEUR DE CHAUFFERIE
0715;CONDUCTEUR DE FOURS METALLURGIQUES
1041;CONDUCTEUR ENGINS DE CHANTIER
0211;CONDUCTEUR OFFSET
1041;CONDUCTEUR ROUTIER
1041;CONDUCTEUR TRANSPORTS
0810;CONDUITE GESTION EXPLOITATION AGRICOLE
0723;CONFECTION
0721;CONFISEUR
0923;CONSEILLER EN ECONOMIE SOCIALE ET FAMILIALE
0923;CONSEILLERE MENAGERE
0716;CONSTRUCTION AUTO
0732;CONSTRUCTION BATIMENT
0716;CONSTRUCTION CARROSSERIE
0716;CONSTRUCTION MECANIQUE
0715;CONSTRUCTION METALLIQUE
0716;CONSTRUCTION NAVALE
0716;CONSTRUCTION NAVALE MACHINES
0711;CONTROLE CHIMIQUE
0412;CONTROLE DE GESTION
0710;CONTROLE DE LA PRODUCTION
0713;CONTROLE ELECTRIQUE
0710;CONTROLE ET REGULATION
0715;CONTROLE METALLURGIQUE
0711;CONTROLE PHYSICO-CHIMIQUE
0721;CONTRÔLE QUALITE IAA
0710;CONTROLE QUALITE INDUSTRIEL
0723;CORDONNIER
1012;COSMETOLOGIE
0212;COSTUMIER
0723;COUPE COUTURE
0723;COUTURE
0732;COUVERTURE
0723;CUIR
1013;CUISINE
0321;CULTURE ET COMMUNICATIONS
0011;CULTURE GENERALE
0831;CULTURE MARINE
0710;CYCLES ET MOTOCYCLES
0588;D (MATHEMATIQUES SCIENCES DE LA NATURE)
0415;DACTYLOGRAPHIE
0215;DANSE
0212;DECOR ARCHITECTURAL
0212;DECORATEUR (SAI)
0214;DECORATEUR CERAMISTE
0214;DECORATEUR VERRE
1030;DEFENSE SECURITE
0916;DELEGUE MEDICAL
1041;DEMENAGEUR
0314;DEMOGRAPHIE
0911;DENTAIRE
0713;DEPANNEUR ELECTRICIEN
0912;DERMATOLOGIE
0212;DESIGN ESPACE
0211;DESIGN GRAPHIQUE
0212;DESIGN INDUSTRIEL
0212;DESIGN INTERIEUR
0211;DESSIN ANIME
0213;DESSIN ART
0710;DESSIN INDUSTRIEL (SAI)
0211;DESSINATEUR ARTS APPLIQUES
0710;DESSINATEUR INDUSTRIEL CHAUDRONNERIE TUYAUTERIE
0732;DESSINATEUR INDUSTRIEL EN BATIMENT
0713;DESSINATEUR INDUSTRIEL EN CONSTRUCTION ELECTRIQUE
0714;DESSINATEUR INDUSTRIEL EN CONSTRUCTION ELECTRONIQUE
0710;DESSINATEUR INDUSTRIEL EN MECANIQUE
0710;DESSINATEUR INDUSTRIEL METALLURGIE
0211;DESSINATEUR MAQUETTISTE
0211;DESSINATEUR PUBLICITE
0210;DEVELOPPEMENT CULTUREL
0210;DEVELOPPEMENT DU PATRIMOINE
0712;DEVELOPPEMENT DURABLE
0716;DIESELISTE
0915;DIETETIQUE
0416;DISTRIBUTION COMMERCIALISATION
0416;DISTRIBUTION MAGASINAGE
1041;DISTRIBUTION OBJET SERVICE CLIENT
0322;DOCUMENTATION
0714;DOMOTIQUE
0421;DROIT
0421;DROIT APPLIQUE
0421;DROIT DE LA SANTE
0421;DROIT DES AFFAIRES
0421;DROIT ECONOMIE
0421;DROIT EUROPEEN
0421;DROIT GESTION
0421;DROIT INTERNATIONAL
0421;DROIT PENAL
0421;DROIT PRIVE
0421;DROIT PUBLIC
0421;DROIT SOCIAL
0588;E (MATHEMATIQUES ET TECHNIQUES)
0214;EBENISTERIE
1011;ECOLE MENAGERE
0520;ECOLOGIE ENVIRONNEMENT
0311;ECONOMETRIE
0311;ECONOMIE
0923;ECONOMIE SOCIALE ET FAMILIALE
0923;ECONOMIE SOCIALE SOLIDAIRE
0310;ECONOMIQUE ET SOCIAL
0211;EDITION
0922;EDUCATEUR JEUNES ENFANTS
0923;EDUCATEUR SPECIALISE
1014;EDUCATEUR SPORTIF
1014;EDUCATION PHYSIQUE
0710;EEA
0222;EGYPTOLOGIE
0713;EIE
0713;ELECTRICIEN
0716;ELECTRICITE AUTO
0710;ELECTROCHIMIE
0710;ELECTROMECANIQUE
0714;ELECTRONIQUE
0713;ELECTROTECHNIQUE
0714;ELECTROTECHNIQUE ENERGIE EQUIPEMENTS COMMUNICANTS
0811;ELEVAGE
0214;EMAILLEUR ART
0416;EMBALLAGE
0415;EMPLOYE ADMINISTRATIF
0412;EMPLOYE DE BANQUE
0415;EMPLOYE DE BUREAU
1013;EMPLOYE DE COLLECTIVITES-CUISINE
1011;EMPLOYE DE COLLECTIVITES-SERVICE
1011;EMPLOYEE DE MAISON
0732;ENCADREMENT CHANTIER
0710;ENCADREMENT D UNITE DE PRODUCTION
0215;ENCADREMENT MUSICAL
1015;ENCADREMENT TOURISTIQUE
0713;ENERGIE
0713;ENERGIE RENOUVELABLE
0110;ENSEIGNEMENT
1011;ENSEIGNEMENT MENAGER
0413;ENTREPRENEURIAT
0520;ENVIRONNEMENT
0713;ENVIRONNEMENT NUCLEAIRE
0912;EPIDEMIOLOGIE
1014;EQUITATION
1022;ERGONOMIE
0917;ERGOTHERAPIE
0310;ES (ECONOMIQUE ET SOCIAL)
0812;ESPACES VERTS
0231;ESPAGNOL
1012;ESTHETIQUE COSMETIQUE
0212;ETALAGISTE
0223;ETHIQUE
0314;ETHNOLOGIE
0710;ETUDE DEFINITION PRODUITS INDUSTRIELS
0212;ETUDE REALISATION AGENCEMENT
1015;EVENEMENTIEL
0411;EXPERT COMPTABLE
0716;EXPERT EN AUTOMOBILE
0821;EXPLOITATION FORESTIERE
0215;EXPRESSION DRAMATIQUE
0211;EXPRESSION VISUELLE
0715;F1 GENIE MECANIQUE
0714;F10 MICROTECHNIQUE
0215;F11 MUSIQUE ET DANSE
0211;F12 ARTS APPLIQUES
0714;F2 ELECTRONIQUE
0713;F3 ELECTROTECHNIQUE
0732;F4 GENIE CIVIL BTP
0533;F5 PHYSIQUE
0531;F6 CHIMIE
0510;F7 SCIENCES BIOLOGIQUES
0988;F8 SCIENCES MEDICO SOCIALES
0713;F9 ENERGIE EQUIPEMENT
0715;FABRICATION MECANIQUE
1041;FACTEUR
0214;FACTEUR DE GUITARE
0214;FACTEUR DE PIANO
0214;FACTEUR D'ORGUE
0214;FACTEUR INSTRUMENT A VENT
0715;FERRONNIER
0723;FILATURE
0412;FINANCES
0732;FINITIONS ET AMENAGEMENT
0411;FISCALITE
0416;FLEURISTE
0715;FONDERIE
1014;FOOTBALL
0416;FORCE DE VENTE
0821;FORET
0715;FORGE
0114;FORMATEUR ADULTE
0011;FORMATION GENERALE
0723;FOURRURE
0715;FRAISEUR
0232;FRANCAIS
0231;FRANCAIS LANGUE ETRANGERE
0713;FRIGORISTE
0713;FROID ET CLIMATISATION
0413;G1 TECHNIQUES ADMINISTRATIVES
0411;G2 TECHNIQUES QUANTITATIVES DE GESTION
0414;G3 TECHNIQUES COMMERCIALES
0716;GARAGISTE
0713;GAZ
0413;GEA
0710;GEII
1032;GENDARMERIE
0510;GENETIQUE
0530;GENIE ATOMIQUE
0510;GENIE BIOLOGIQUE
0531;GENIE CHIMIQUE
0732;GENIE CIVIL
0713;GENIE CLIMATIQUE
0713;GENIE ELECTRIQUE
0714;GENIE ELECTRONIQUE
0713;GENIE ELECTROTECHNIQUE
0713;GENIE HYDRAULIQUE
0710;GENIE INDUSTRIEL
0613;GENIE LOGICIEL
0722;GENIE MATERIAUX
0715;GENIE MECANIQUE
0722;GENIE MECANIQUE BOIS
0723;GENIE MECANIQUE MATERIAUX SOUPLES
0714;GENIE MECANIQUE MICROTECHNIQUES
0715;GENIE MECANIQUE PRODUCTIQUE
0715;GENIE MECANIQUE STRUCTURES METALLIQUES
0714;GENIE MECANIQUE SYSTEMES MOTORISES
0533;GENIE OPTIQUE
0714;GENIE TELECOMMUNICATIONS RESEAUX
0713;GENIE THERMIQUE
0314;GEOGRAPHIE
0532;GEOLOGIE
0532;GEOLOGUE PROSPECTEUR
0732;GEOMETRE
0532;GEOPHYSIQUE
0312;GEOPOLITIQUE
0413;GESTION ADMINISTRATION
0416;GESTION COMMERCIALE
0411;GESTION COMPTABILITE
0413;GESTION DE L'EMPLOI
0410;GESTION DES ENTREPRISES
0413;GESTION DES ENTREPRISES ET DES ADMINISTRATIONS
0413;GESTION DU PERSONNEL
0412;GESTION FINANCIERE
0821;GESTION FORESTIERE
1013;GESTION HOTELIERE
0413;GESTION INFORMATIQUE
0522;GESTION MILIEUX NATURELS FAUNE
0411;GESTION PAIE
0712;GESTION POLLUTIONS PROTECTION ENVIRONNEMENT
0522;GESTION PROTECTION NATURE
0416;GESTION RELATION INTERNATIONALE
0413;GESTION RESSOURCES HUMAINES
0211;GRAPHISME
0211;GRAPHISTE PUBLICITAIRE
0213;GRAVEUR
0213;GRAVEUR SUR METAUX
0213;GRAVEUR SUR PIERRE
0213;GRAVEUR SUR VERRE
0211;GRAVURE IMPRESSION
0213;GRAVURE ORNEMENTATION
1014;GYMNASTIQUE
0912;GYNECOLOGIE
0610;H TECHNIQUES INFORMATIQUES
0723;HABILLEMENT
0212;HABILLEMENT CREATION
0212;HABILLEMENT SPECTACLE
0222;HISTOIRE
0213;HISTOIRE DE L'ART
0222;HISTOIRE ET GEOGRAPHIE
0715;HORLOGERIE
0812;HORTICULTURE
1013;HOTELLERIE CUISINE
1013;HOTELLERIE SERVICES
0288;HUMANITES
0715;HYDRAULIQUE
0715;HYDRAULIQUE AGRICOLE
1011;HYGIENE DES LOCAUX
1020;HYGIENE ENVIRONNEMENT
1022;HYGIENE ET SECURITE
1011;HYGIENE PROPRETE STERILISATION
0211;IMAGE ET SON
0914;IMAGERIE MEDICALE
0416;IMMOBILIER
0912;IMMUNOLOGIE
0416;IMPORT-EXPORT
0211;IMPRIMERIE
0715;INDUSTRIALISATION PRODUIT MECANIQUE
0721;INDUSTRIE AGROALIMENTAIRE
0711;INDUSTRIE CHIMIQUE
0723;INDUSTRIE HABILLEMENT
0916;INDUSTRIE PHARMACEUTIQUE
0211;INDUSTRIES GRAPHIQUES
0913;INFIRMIER
0913;INFIRMIER ANESTHESISTE
0321;INFORMATION COMMUNICATION
0322;INFORMATION DOCUMENTATION
0610;INFORMATIQUE (SAI)
0611;INFORMATIQUE DE GESTION
0610;INFORMATIQUE INDUSTRIELLE
0710;INGENIERIE INDUSTRIELLE
0715;INGENIERIE MECANIQUE
0713;INGENIERIE NUCLEAIRE
0923;INGENIERIE SOCIALE
0710;INGENIEUR (SAI)
0732;INSTALLATIONS SANITAIRES
0713;INSTALLATIONS THERMIQUES
0113;INSTITUTEUR
0619;INTELLIGENCE ARTIFICIELLE
0610;INTERNET
0231;INTERPRETE
0732;INTERVENTION PATRIMOINE BATI
0923;INTERVENTION SOCIALE
0732;ISOLATION
0231;ITALIEN
0812;JARDIN ESPACE VERT
0812;JARDINIER
0214;JOAILLERIE
0321;JOURNALISME
1014;JUDO
0421;JURISTE
0915;KINESITHERAPIE
0288;L (LITTERAIRE)
0914;LABORANTIN
0711;LABORATOIRE
0811;LAD JOCKEY
0715;LAMINAGE
0231;LANGUES ANCIENNES
0231;LANGUES ETRANGERES
0231;LANGUES ETRANGERES APPLIQUEES
0231;LANGUES LITTERATURES CIVILISATIONS ETRANGERES
0231;LANGUES REGIONALES
0231;LEA
0421;LEGISLATION
0220;LETTRES (SAI)
0230;LETTRES CLASSIQUES
0220;LETTRES MODERNES
0322;LIBRAIRIE
0723;LINGERIE
0232;LINGUISTIQUE
0213;LITHOGRAPHIE
0232;LITTERAIRE
0232;LITTERATURE FRANCAISE
0231;LITTERATURES ET CIVILISATIONS ETRANGERES
1041;LIVREUR
0231;LLCE
0416;LOGISTIQUE
0914;LUNETIER
0214;LUTHIER
0715;MACHINES-OUTILS
0715;MACHINES-OUTILS A BOIS
0710;MACHINISME AGRICOLE
0710;MACHINISTE
0732;MACON
0311;MACROECONOMIE
0416;MAGASINAGE
0716;MAINTENANCE AERONAUTIQUE
0714;MAINTENANCE AUDIOVISUEL ELECTRONIQUE
0716;MAINTENANCE AUTOMOBILE
0914;MAINTENANCE BIOMEDICALE
0715;MAINTENANCE DES MATERIELS
0710;MAINTENANCE EQUIPEMENT INDUSTRIEL
0710;MAINTENANCE INDUSTRIELLE
0715;MAINTENANCE MECANIQUE
0713;MAINTENANCE MECANO-ELECTRIQUE
0716;MAINTENANCE NAUTIQUE
0713;MAINTENANCE SYSTEME ENERGETIQUE CLIMATIQUE
0714;MAINTENANCE SYSTEMES MECANIQUES AUTOMATISES
0716;MAINTENANCE VEHICULE
1032;MAITRE NAGEUR SAUVETEUR
0416;MANAGEMENT COMMERCE
0416;MANAGEMENT DISTRIBUTION
0412;MANAGEMENT FINANCIER
0413;MANAGEMENT GESTION ENTREPRISE
1013;MANAGEMENT HOTELIER
0721;MANAGEMENT IAA
0710;MANAGEMENT INDUSTRIEL
0710;MANAGEMENT PRODUCTION
0923;MANAGEMENT SOCIAL
1014;MANAGEMENT SPORT
0914;MANIPULATEUR RADIOLOGISTE
0416;MANUTENTION
0811;MARAICHAGE
0841;MARECHAL FERRANT
1041;MARINE MARCHANDE
1031;MARINE NATIONALE
0831;MARINE PECHE
0414;MARKETING
0723;MAROQUINERIE
0540;MASS
0723;MATELASSERIE
0722;MATERIAUX POLYMERE
0723;MATERIAUX SOUPLES
0541;MATHEMATIQUE INFORMATIQUE
0541;MATHEMATIQUES
0540;MATHEMATIQUES APPLIQUEES SCIENCES SOCIALES
0588;MATHEMATIQUES ELEMENTAIRES
0541;MATHS PHYSIQUE
0714;MAVELEC
0716;MECANIQUE AERONAUTIQUE
0716;MECANIQUE AGRICOLE
0716;MECANIQUE AUTO
0715;MECANIQUE DE PRECISION
0530;MECANIQUE DES FLUIDES
0533;MECANIQUE DU SOLIDE
0710;MECANIQUE ELECTRICITE
0715;MECANIQUE GENERALE
0715;MECANIQUE INDUSTRIELLE
0716;MECANIQUE POIDS LOURDS
0533;MECANIQUE THEORIQUE
0710;MECATRONIQUE
0912;MEDECINE
0288;MEDIATION CULTURELLE
0910;MEDICO-SOCIAL
0110;MEEF
1011;MENAGER
0732;MENUISERIE
0722;MENUISERIE AGENCEMENT
0732;MENUISERIE METALLIQUE
0414;MERCATIQUE
0533;MESURES PHYSIQUES
0715;METALLIER
0715;METALLURGIE
0532;METEO
1021;METIERS DE L EAU
0110;METIERS DE L EDUCATION ENSEIGNEMENT FORMATION
0212;METIERS DE LA MODE
0214;METIERS DE LA PIERRE
1032;METIERS DE LA SECURITE
0212;METIERS DU CUIR
0211;METIERS DU LIVRE
1011;METIERS DU PRESSING
0714;METIERS ELECTRICITE ENVIRONNEMENTS CONNECTES
0732;METREUR
0710;METROLOGIE
0610;MIAGE
0612;MICRO INFORMATIQUE RESEAUX
0511;MICROBIOLOGIE
0311;MICROECONOMIE
0714;MICROELECTRONIQUE
0610;MICROINFORMATIQUE
0715;MICROMECANIQUE
0715;MICROTECHNIQUES
1031;MILITAIRE
0724;MINES
0722;MIROITERIE
0215;MISE EN SCENE
0722;MOBILIER
0212;MODE
0722;MODELEUR BOIS
0722;MODELEUR CERAMISTE
0715;MODELEUR MECANICIEN
0715;MODELEUR OUTILLAGE
0212;MODELISTE
0114;MONITEUR AUTO-ECOLE
0923;MONITEUR EDUCATEUR
0713;MONTEUR ELECTRICIEN
0214;MONTEUR EN BRONZE
0713;MONTEUR FROID ET CLIMATISATION
0732;MONTEUR INSTALLATIONS SANITAIRES
0732;MONTEUR ISOLATION THERMIQUE ACOUSTIQUE
0715;MONTEUR MECANICIEN
0722;MONTEUR POSEUR MIROITERIE
0716;MOTEURS
0715;MOULEUR NOYAUTEUR
0715;MOULEUR PLAQUISTE
0714;MSMA
0416;MUC
0211;MULTIMEDIA
0215;MUSICOLOGIE
0215;MUSIQUE
1014;NATATION
1041;NAVIGATION
0416;NEGOCIATION  RELATION CLIENT
1011;NETTOYAGE DES LOCAUX
0511;NEUROBIOLOGIE
0912;NEUROSCIENCES
0421;NOTARIAT
0416;NRC
0917;NUTRITION
0532;OCEANOGRAPHIE
0911;ODONTOLOGIE
0721;OENOLOGIE
0715;OLEOHYDRAULIQUE
0211;OPERATEUR CINEMATOGRAPHIQUE
0732;OPERATEUR GEOMETRE
0211;OPERATEUR RADIO
0912;OPHTALMOLOGIE
0914;OPTICIEN
0533;OPTIQUE DE PRECISION
0533;OPTIQUE INSTRUMENTALE
0914;OPTIQUE LUNETTERIE
0417;ORGANISATION DU TRAVAIL
0914;ORTHOPEDISTE
0915;ORTHOPHONIE
0915;ORTHOPTISTE
0917;OSTEOPATHIE
0722;OUTILLAGE BOIS
0715;OUTILLAGE FONDERIE
0715;OUTILLAGE MECANIQUE
0715;OUTILLAGE MOULES METALLIQUES
0722;OUTILLAGE PLASTIQUE
0732;OUVRAGE BATIMENT METALLERIE
0811;PALEFRENIER
0532;PALEONTOLOGIE
0722;PAPIER
0721;PATISSERIE
0731;PATRIMOINE CULTUREL
0812;PAYSAGISTE
0723;PEAUX
0831;PECHE
0111;PEDAGOGIE
0912;PEDIATRIE
0915;PEDICURE PODOLOGUE
0732;PEINTRE DECORATEUR
0732;PEINTRE EN BATIMENT
0716;PEINTRE EN CARROSSERIE
0812;PEPINIERISTE
1012;PERRUQUIER
0922;PETITE ENFANCE
0916;PHARMACIE
0512;PHARMACOLOGIE
0223;PHILOSOPHIE
0211;PHOTOCOMPOSITION
0211;PHOTOGRAPHIE
0211;PHOTOGRAVURE
0533;PHYSIQUE
0530;PHYSIQUE CHIMIE
0215;PIANO
0710;PILOTAGE PRODUCTION
0714;PILOTAGE SYSTEME PRODUCTION AUTOMATISE
1041;PILOTE CIVIL
0714;PILOTE LIGNE PRODUCTION
1031;PILOTE MILITAIRE
0831;PISCICULTURE
1032;PISTEUR SECOURISTE
0732;PLAQUISTE
0722;PLASTIQUE COMPOSITE
0722;PLASTIQUES ET COMPOSITES
0722;PLASTURGIE
0732;PLATRERIE
0732;PLOMBIER
0220;PLURIDISCIPLINAIRE LETTRES ARTS SCIENCES HUMAINES
0530;PLURIDISCIPLINAIRE SCIENCES TECHNOLOGIQUES
0914;PODO-ORTHESISTE
0416;POISSONNIER
1032;POLICE
0811;POLYCULTURE
0811;POLYCULTURE ELEVAGE
0222;PREHISTOIRE
0916;PREPARATEUR EN PHARMACIE
0321;PRESSE EDITION
1011;PRESSING
0723;PRET A PORTER
0711;PROCEDE CHIMIE EAU PAPIER CARTON
0821;PRODUCTION FORESTIERE
0211;PRODUCTION GRAPHIQUE
0211;PRODUCTION IMPRIMEE
0710;PRODUCTION INDUSTRIELLE
0811;PRODUCTION LAITIERE
0811;PRODUCTIONS ANIMALES
0811;PRODUCTIONS VEGETALES
0722;PRODUCTIQUE BOIS
0711;PRODUCTIQUE CHIMIQUE
0710;PRODUCTIQUE DES ALLIAGES
0212;PRODUCTIQUE GRAPHIQUE
0723;PRODUCTIQUE MATERIAUX SOUPLES
0715;PRODUCTIQUE MECANIQUE
0722;PRODUCTIQUE OUTILLAGE PLASTIQUE
0723;PRODUCTIQUE TEXTILE
0113;PROFESSEUR ECOLES
0613;PROGRAMMATION
0731;PROTECTION DU PATRIMOINE
0712;PROTECTION ENVIRONNEMENT
0914;PROTHESE DENTAIRE
0914;PROTHESISTE
0714;PSPA
0313;PSYCHANALYSE
0912;PSYCHIATRIE
0313;PSYCHOLOGIE
0915;PSYCHOMOTRICITE
0414;PUBLICITE
0913;PUERICULTURE
1022;QUALITE HYGIENE SECURITE ENVIRONNEMENT
1022;QUALITE SECURITE ENVIRONNEMENT
0714;RADIOELECTRICIEN
0914;RADIOLOGIE
0211;REALISATION AUDIOVISUELLE
0211;REALISATION PRODUITS IMPRIMES
0531;RECHERCHE CHIMIE
0912;RECHERCHE MEDICALE
0310;RELATION SOCIALE
0310;RELATION TRAVAIL
0312;RELATIONS INTERNATIONALES
0312;RELATIONS PUBLIQUES
0211;RELIURE
0716;REPARATION AUTOMOBILE
0612;RESEAUX INFORMATIQUES
0413;RESSOURCES HUMAINES
1013;RESTAURANT
0731;RESTAURATION DU PATRIMOINE
0714;ROBOTIQUE
0231;RUSSE
0588;S (SCIENTIFIQUE)
0913;SAGE-FEMME
0910;SANITAIRE ET SOCIAL
0910;SANTE
0923;SAPAT
1032;SAPEURS-POMPIERS
0410;SCIENCES DE GESTION
0532;SCIENCES DE LA TERRE
0511;SCIENCES DE LA VIE
0111;SCIENCES DE L'EDUCATION
0530;SCIENCES DES STRUCTURES DE LA MATIERE
0232;SCIENCES DU LANGAGE
0311;SCIENCES ECONOMIQUES
0510;SCIENCES EXPERIMENTALES
0314;SCIENCES HOMME ANTHROPOLOGIE ETHNOLOGIE
0310;SCIENCES HUMAINES
0923;SCIENCES MEDICO-SOCIALES
0511;SCIENCES NATURELLES
0533;SCIENCES PHYSIQUES
0312;SCIENCES POLITIQUES
0710;SCIENCES POUR INGENIEUR
0588;SCIENCES POUR LA SANTE
0310;SCIENCES SOCIALES
0530;SCIENTIFIQUE
0213;SCULPTURE
0214;SCULPTURE SUR BOIS
1032;SECOURISME
0415;SECRETARIAT
0411;SECRETARIAT COMPTABILITE
0415;SECRETARIAT DE DIRECTION
0415;SECRETARIAT MEDICAL
1032;SECURITE
0721;SECURITE ALIMENTAIRE
0710;SECURITE INDUSTRIELLE
0610;SECURITE INFORMATIQUE
0713;SECURITE NUCLEAIRE
0612;SECURITE RESEAUX SYSTEMES INFORMATIQUES
0723;SELLERIE
0714;SEN
0715;SERRURERIE
1013;SERVEUR
0612;SERVICE INFORMATIQUE ORGANISATIONS
0923;SERVICE PRESTATION SECTEUR SANITAIRE SOCIAL
0923;SERVICE PROXIMITE VIE LOCALE
1011;SERVICES AUX PERSONNES
0923;SERVICES AUX PERSONNES ET AUX TERRITOIRES
1011;SERVICES EN MILIEU RURAL
0732;SIGNALETIQUE
0923;SMS
0314;SOCIOLOGIE
0841;SOIGNEUR
0913;SOINS
1012;SOINS PERSONNELS
0732;SOLIER MOQUETTISTE
0211;SON IMAGE
0715;SOUDURE
0214;SOUFFLEUR DE VERRE
0923;SP3S
0215;SPECTACLE
1014;SPORT
0923;SPVL
0588;SSM
0923;ST2S
0888;STAE AMENAGEMENTS
0888;STAE EQUIPEMENTS
0811;STAE TECHNOLOGIES ANIMALES
0811;STAE TECHNOLOGIES VEGETALES
1014;STAPS
0542;STATISTIQUE
0888;STAV
0210;STD2A DESIGN ARTS APPLIQUES
0415;STENO-DACTYLOGRAPHIE
0410;STG
0210;STI ARTS APPLIQUES
0712;STI DEVELOPPEMENT DURABLE
0714;STI ELECTRONIQUE
0713;STI ELECTROTECHNIQUE
0732;STI GENIE CIVIL
0713;STI GENIE ENERGETIQUE
0722;STI GENIE MATERIAUX
0722;STI GENIE MECANIQUE BOIS
0723;STI GENIE MECANIQUE MATERIAUX SOUPLES
0715;STI GENIE MECANIQUE MICROTECHNIQUES
0715;STI GENIE MECANIQUE PRODUCTIQUE MECANIQUE
0715;STI GENIE MECANIQUE STRUCTURES METALLIQUES
0714;STI GENIE MECANIQUE SYSTEMES MOTORISES
0533;STI OPTIQUE
0730;STI2D ARCHITECTURE CONSTRUCTION
0710;STI2D ENERGIE ENVIRONNEMENT
0710;STI2D INNOVATION TECHNOLOGIQUE
0710;STI2D SYSTEME INFORMATION NUMERIQUE
0512;STL BIOCHIMIE
0710;STL BIOTECHNOLOGIE
0531;STL CLPI
0510;STL GENIE BIOLOGIQUE
0533;STL PHYSIQUE  OPTIQUE
0533;STL PHYSIQUE CONTRÔLE REGULATION
0530;STL SCIENCES PHYSIQUE CHIMIE LABORATOIRE
0410;STMG
0410;STMG GESTION FINANCE
0410;STMG MERCATIQUE
0410;STMG RESSOURCES HUMAINES COMMUNICATION
0410;STMG SYSTEMES INFORMATION GESTION
0911;STOMATOLOGIE
0721;STPA SCIENCES TECHNOLOGIES
0721;STPA TECHNOLOGIES ECONOMIE
0710;STPI 
0732;STRUCTURES METALLIQUES
0410;STT INFORMATIQUE GESTION
0416;STT TECHNIQUES ADMINISTRATIVES ET COMMERCIALES
0212;STYLISTE MODE
0212;STYLISTE VISAGISTE
1032;SURVEILLANCE
0530;SVT
0821;SYLVICULTURE
0714;SYSTEME ELECTRONIQUE NUMERIQUE
0714;SYSTEME NUMERIQUE
0716;SYSTEMES MOTORISES
0723;TAILLEUR
0214;TAILLEUR DE PIERRE
0723;TANNERIE
0723;TAPISSERIE
0723;TAPISSERIE AMEUBLEMENT
0212;TAPISSIER-DECORATEUR
1041;TAXI
0415;TECHNICIEN ADMINISTRATIF
0211;TECHNICIEN AUDIOVISUEL
0732;TECHNICIEN BATIMENT GROS OEUVRE
0715;TECHNICIEN CHAUDRONNERIE INDUSTRIELLE
0416;TECHNICIEN CONSEIL VENTE ANIMALERIE
0732;TECHNICIEN CONSTRUCTEUR BOIS
0211;TECHNICIEN DU SPECTACLE
0732;TECHNICIEN ETUDE BATIMENT
0722;TECHNICIEN FABRICATION BOIS MATERIAUX ASSOCIES
0713;TECHNICIEN FROID CONDITIONNEMENT AIR
0732;TECHNICIEN GEOMETRE TOPOGRAPHE
0713;TECHNICIEN INSTALLATION SYSTEME ENERGETIQUE CLIMATIQUE
0732;TECHNICIEN MENUISIER AGENCEUR
0715;TECHNICIEN MODELEUR
0715;TECHNICIEN OUTILLEUR
0722;TECHNICIEN SCIERIE
0715;TECHNICIEN USINAGE
0416;TECHNICO-COMMERCIAL
0416;TECHNICO-COMMERCIAL AGROFOURNITURES
0416;TECHNICO-COMMERCIAL BOIS
0416;TECHNICO-COMMERCIAL BOISSONS
0416;TECHNICO-COMMERCIAL CUIR CHAUSSURE
0416;TECHNICO-COMMERCIAL FRUITS LEGUMES
0416;TECHNICO-COMMERCIAL GENIE ELECTRIQUE MECANIQUE
0416;TECHNICO-COMMERCIAL GENIE MECANIQUE
0416;TECHNICO-COMMERCIAL IAA
0416;TECHNICO-COMMERCIAL INDUSTRIE DES METAUX
0416;TECHNICO-COMMERCIAL INSTRUMENTS DE LABO
0416;TECHNICO-COMMERCIAL MATERIAUX  BATIMENT
0416;TECHNICO-COMMERCIAL MATERIAUX SOUPLES
0416;TECHNICO-COMMERCIAL MATERIEL AGRICOLE
0416;TECHNICO-COMMERCIAL PHARMACIE
0416;TECHNICO-COMMERCIAL PLANTES ORNEMENT
0416;TECHNICO-COMMERCIAL PRODUIT ALIMENTAIRE
0416;TECHNICO-COMMERCIAL PRODUITS FORESTIERS
0713;TECHNIQUE INTERVENTION INSTALLATION NUCLEAIRE
0215;TECHNIQUE MUSIQUE DANSE 
0413;TECHNIQUES ADMINISTRATIVES
0888;TECHNIQUES AGRICOLES
0721;TECHNIQUES AGROALIMENTAIRES
0412;TECHNIQUES BANCAIRES
0414;TECHNIQUES COMMERCIALES
0411;TECHNIQUES COMPTABLES
0414;TECHNIQUES DE COMMERCIALISATION
0412;TECHNIQUES FINANCIERES
0421;TECHNIQUES JURIDIQUES APPLIQUEES
0888;TECHNOLOGIE AGRICOLE AMENAGEMENTS
0710;TECHNOLOGIE AGRICOLE EQUIPEMENTS
0710;TECHNOLOGIE AGRICOLE SCIENCES TECHNOLOGIES
0888;TECHNOLOGIE AGRICOLE TECHNOLOGIES ANIMALES
0888;TECHNOLOGIE AGRICOLE TECHNOLOGIES ECONOMIE
0888;TECHNOLOGIE AGRICOLE TECHNOLOGIES VEGETALES
0540;TECHNOLOGIE CONNAISSANCE
0888;TECHNOLOGIE ECONOMIE (MILIEU NATUREL,AGRICOLE)
0211;TECHNOLOGIE IMAGE
0711;TECHNOLOGIES INDUSTRIELLES BIOCHIMIE
0722;TECHNOLOGIES INDUSTRIELLES BOIS
0711;TECHNOLOGIES INDUSTRIELLES CHIMIE
0714;TECHNOLOGIES INDUSTRIELLES ELECTRONIQUE
0713;TECHNOLOGIES INDUSTRIELLES ELECTROTECHNIQUE
0713;TECHNOLOGIES INDUSTRIELLES ENERGIE
0732;TECHNOLOGIES INDUSTRIELLES GENIE CIVIL
0722;TECHNOLOGIES INDUSTRIELLES GENIE MATERIAUX
0723;TECHNOLOGIES INDUSTRIELLES MATERIAUX SOUPLES
0710;TECHNOLOGIES INDUSTRIELLES MICROTECHNIQUES
0530;TECHNOLOGIES INDUSTRIELLES OPTIQUE
0715;TECHNOLOGIES INDUSTRIELLES PRODUCTIQUE MECANIQUE
0715;TECHNOLOGIES INDUSTRIELLES STRUCTURES METALLIQUES
0714;TECHNOLOGIES INDUSTRIELLES SYSTEMES MOTORISES
0610;TECHNOLOGIES INFORMATION COMMUNICATION
0610;TECHNOLOGIES INFORMATIQUE
1011;TEINTURE
0714;TELECOM RESEAUX INFORMATIQUES
0714;TELECOMMUNICATIONS
0723;TEXTILE
0215;THEATRE
0221;THEOLOGIE
0723;TISSAGE
0715;TOLERIE
0722;TONNELIER
0731;TOPOGRAPHIE
1015;TOURISME
0715;TOURNEUR
0722;TOURNEUR BOIS
0715;TOURNEUR BRONZE
0715;TOURNEUR FRAISEUR
0214;TOURNEUR POTERIE
0231;TRADUCTEUR
1021;TRAITEMENT DES DECHETS
1021;TRAITEMENT DES EAUX
0722;TRAITEMENT MATERIAUX
1013;TRAITEUR
0715;TRANSFORMATION DES METAUX
1041;TRANSPORT ET LOGISTIQUE
1041;TRANSPORT FLUVIAL
1041;TRANSPORT ROUTIER
1041;TRANSPORTS
0722;TRAVAIL DU BOIS
0732;TRAVAUX PUBLICS
1041;TRI ACHEMINEMENT COURRIER
0231;TRILINGUE
0715;TUYAUTEUR
0211;TYPOGRAPHIE
0731;URBANISME
0715;USINAGE
0716;VEHICULES INDUSTRIELS
0416;VENTE
0416;VENTE ACTION MARCHANDE
0722;VERRE
0841;VETERINAIRE
0721;VIANDES
0215;VIOLON
0916;VISITEUR MEDICAL
0811;VITICULTURE
0732;VITRERIE
1014;VOILE
0532;VOLCANOLOGUE
0613;WEBMESTRE
0732;ZINGUEUR